{
  "designerVersion" : "1.2.9",
  "id" : "customLivingApplicationIFrameV3",
  "name" : "livingApplicationIFrameV3",
  "lastUpdate" : 1505748375828,
  "template" : "",
  "controller" : "function WidgetlivingApplicationIFrameController($scope, $element, $interval, $sce) {\n\n    $scope.$watch(function(){\n        return $scope.properties.src\n    }, function() {\n        //Rebuild iframe on menu change in order to prevent issues with the browser's back button\n        var iframes = $element.find('iframe');\n        if (iframes.length > 0) {\n            var iframeToRemeove = iframes[0];\n            var parentDiv = iframeToRemeove.parentNode;\n            parentDiv.removeChild(iframeToRemeove);\n        }\n        var iframe = document.createElement('iframe');\n        iframe.setAttribute(\"id\", \"bonitaframe\");\n        iframe.setAttribute(\"src\",  $sce.trustAsResourceUrl($scope.properties.src));\n        iframe.setAttribute(\"width\", \"100%\");\n        iframe.style.border = \"0\";\n        $element.append(iframe);\n    });\n    \n}",
  "description" : "LivingApplicationIFrameV3 display the pages targeted by the LivingApplicationMenu.",
  "custom" : true,
  "properties" : [ {
    "label" : "Source",
    "name" : "src",
    "type" : "text",
    "bond" : "variable"
  } ],
  "assets" : [ ],
  "requiredModules" : [ ],
  "type" : "widget",
  "hasHelp" : false
}